verb,verb_ipa,past_tense,past_tense_ipa,past_tense_type
abuse,蓹藞bju藧z,abused,蓹藞bju藧zd,regular
accessorize,蓹k藞s蓻s蓹ra瑟z,accessorized,蓹k藞s蓻s蓹ra瑟zd,regular
acclimate,藞忙kl蓹me瑟t,acclimated,藞忙kl蓹me瑟t瑟d,regular
adventure,蓹d藞v蓻nt蕛蓹r,adventured,蓹d藞v蓻nt蕛蓹rd,regular
age,e瑟d蕭,aged,e瑟d蕭d,regular
ally,藞忙la瑟,allied,藞忙la瑟d,regular
alternate,藞蓴藧lt蓹rne瑟t,alternated,藞蓴藧lt蓹rne瑟t瑟d,regular
analyze,藞忙n蓹la瑟z,analyzed,藞忙n蓹la瑟zd,regular
animal,藞忙n瑟m蓹l,animaled,藞忙n瑟m蓹ld,regular
articulate,蓱藧r藞t瑟kj蕣le瑟t,articulated,蓱藧r藞t瑟kj蕣le瑟t瑟d,regular
aspirate,藞忙sp蓹re瑟t,aspirated,藞忙sp蓹re瑟t瑟d,regular
associate,蓹藞so蕣蕛ie瑟t,associated,蓹藞so蕣蕛ie瑟t瑟d,regular
baby,藞be瑟bi,babied,藞be瑟bid,regular
ball,b蓴藧l,balled,b蓴藧ld,regular
barrel,藞b忙r蓹l,barreled,藞b忙r蓹ld,regular
base,be瑟s,based,be瑟st,regular
bathe,be瑟冒,bathed,be瑟冒d,regular
bawk,b蓴藧k,bawked,b蓴藧kt,regular
be,bi藧,was/were,w蕦z/w蓽藧r,irregular
beat,bi藧t,beat,bi藧t,irregular
beep,bi藧p,beeped,bi藧pt,regular
bench,b蓻nt蕛,benched,b蓻nt蕛t,regular
berry,藞b蓻ri,berried,藞b蓻rid,regular
best,b蓻st,bested,b蓻st瑟d,regular
beware,b瑟藞w蓻蓹r,bewared,b瑟藞w蓻蓹rd,regular
bike,ba瑟k,biked,ba瑟kt,regular
blab,bl忙b,blabbed,bl忙bd,regular
blade,ble瑟d,bladed,ble瑟d瑟d,regular
blank,bl忙艐k,blanked,bl忙艐kt,regular
bleep,bli藧p,bleeped,bli藧pt,regular
bless,bl蓻s,blessed,bl蓻st,regular
bobble,藞b蓲b蓹l,bobbled,藞b蓲b蓹ld,regular
bog,b蓲伞,bogged,b蓲伞d,regular
boink,b蓴瑟艐k,boinked,b蓴瑟艐kt,regular
boke,bo蕣k,boked,bo蕣kt,regular
bong,b蓲艐,bonged,b蓲艐d,regular
bonk,b蓲艐k,bonked,b蓲艐kt,regular
boog,bu藧伞,booged,bu藧伞d,regular
boogie,藞bu藧伞i,boogied,藞bu藧伞id,regular
boot,bu藧t,booted,bu藧t瑟d,regular
bottom,藞b蓲t蓹m,bottomed,藞b蓲t蓹md,regular
bow,bo蕣,bowed,bo蕣d,regular
brick,br瑟k,bricked,br瑟kt,regular
broom,bru藧m,broomed,bru藧md,regular
burn,b蓽藧rn,burned,b蓽藧rnd,irregular
burst,b蓽藧rst,burst,b蓽藧rst,irregular
carol,藞k忙r蓹l,caroled,藞k忙r蓹ld,regular
cast,k忙st,cast,k忙st,irregular
catapult,藞k忙t蓹p蕦lt,catapulted,藞k忙t蓹p蕦lt瑟d,regular
cheep,t蕛i藧p,cheeped,t蕛i藧pt,regular
chicken,藞t蕛瑟k瑟n,chickened,藞t蕛瑟k瑟nd,regular
chin,t蕛瑟n,chinned,t蕛瑟nd,regular
chink,t蕛瑟艐k,chinked,t蕛瑟艐kt,regular
chitchat,藞t蕛瑟tt蕛忙t,chitchated,藞t蕛瑟tt蕛忙t瑟d,regular
chitter,藞t蕛瑟t蓹r,chittered,藞t蕛瑟t蓹rd,regular
chow,t蕛a蕣,chowed,t蕛a蕣d,regular
chuff,t蕛蕦f,chuffed,t蕛蕦ft,regular
chunter,藞t蕛蕦nt蓹r,chuntered,藞t蕛蕦nt蓹rd,regular
clad,kl忙d,cladded,kl忙d瑟d,regular
clomp,kl蓲mp,clomped,kl蓲mpt,regular
clonk,kl蓲艐k,clonked,kl蓲艐kt,regular
close,klo蕣z,closed,klo蕣zd,regular
clue,klu藧,clued,klu藧d,regular
clunk,kl蕦艐k,clunked,kl蕦艐kt,regular
collar,藞k蓲l蓹r,collared,藞k蓲l蓹rd,regular
collect,k蓹藞l蓻kt,collected,k蓹藞l蓻kt瑟d,regular
color,藞k蕦l蓹r,colored,藞k蕦l蓹rd,regular
comment,藞k蓲m蓻nt,commented,藞k蓲m蓻nt瑟d,regular
compliment,藞k蓲mpl瑟m蓻nt,complimented,藞k蓲mpl瑟m蓻nt瑟d,regular
compress,k蓹m藞pr蓻s,compressed,k蓹m藞pr蓻st,regular
conduct,k蓹n藞d蕦kt,conducted,k蓹n藞d蕦kt瑟d,regular
configure,k蓹n藞f瑟伞j蓹r,configured,k蓹n藞f瑟伞j蓹rd,regular
congest,k蓹n藞d蕭蓻st,congested,k蓹n藞d蕭蓻st瑟d,regular
conk,k蓲艐k,conkked,k蓲艐kt,regular
console,k蓹n藞so蕣l,consoled,k蓹n藞so蕣ld,regular
construct,k蓹n藞str蕦kt,constructed,k蓹n藞str蕦kt瑟d,regular
contact,藞k蓲nt忙kt,contacted,藞k蓲nt忙kt瑟d,regular
content,k蓹n藞t蓻nt,contented,k蓹n藞t蓻nt瑟d,regular
contour,藞k蓲nt蕣蓹r,contoured,藞k蓲nt蕣蓹rd,regular
convert,k蓹n藞v蓽藧rt,converted,k蓹n藞v蓽藧rt瑟d,regular
coop,ku藧p,cooped,ku藧pt,regular
coordinate,ko蕣藞蓴藧rd瑟ne瑟t,coordinated,ko蕣藞蓴藧rd瑟ne瑟t瑟d,regular
core,k蓴藧r,cored,k蓴藧rd,regular
cork,k蓴藧rk,corked,k蓴藧rkt,regular
costume,藞k蓲stju藧m,costumed,藞k蓲stju藧md,regular
cozy,藞ko蕣zi,cozied,藞ko蕣zid,regular
cracker,藞kr忙k蓹r,crackered,藞kr忙k蓹rd,regular
cramp,kr忙mp,cramped,kr忙mpt,regular
crock,kr蓲k,crocked,kr蓲kt,regular
cue,kju藧,cued,kju藧d,regular
cure,kj蕣蓹r,cured,kj蕣蓹rd,regular
cut,k蕦t,cut,k蕦t,irregular
depend,d瑟藞p蓻nd,depended,d瑟藞p蓻nd瑟d,regular
deprive,d瑟藞pra瑟v,deprived,d瑟藞pra瑟vd,regular
derive,d瑟藞ra瑟v,derived,d瑟藞ra瑟vd,regular
desert,d瑟藞z蓽藧rt,deserted,d瑟藞z蓽藧rt瑟d,regular
designate,藞d蓻z瑟伞ne瑟t,designated,藞d蓻z瑟伞ne瑟t瑟d,regular
destruct,d瑟藞str蕦kt,destructed,d瑟藞str蕦kt瑟d,regular
detour,藞di藧t蕣蓹r,detoured,藞di藧t蕣蓹rd,regular
diaper,藞da瑟蓹p蓹r,diapered,藞da瑟蓹p蓹rd,regular
diddle,藞d瑟d蓹l,diddled,藞d瑟d蓹ld,regular
ding,d瑟艐,dinged,d瑟艐d,regular
disco,藞d瑟sko蕣,discoed,藞d瑟sko蕣d,regular
do,du藧,did,d瑟d,irregular
dog,d蓲伞,dogged,d蓲伞d,regular
dole,do蕣l,doled,do蕣ld,regular
dote,do蕣t,doted,do蕣t瑟d,regular
duplicate,藞dju藧pl瑟ke瑟t,duplicated,藞dju藧pl瑟ke瑟t瑟d,regular
dwell,dw蓻l,dwelled,dw蓻ld,regular
enroll,瑟n藞ro蕣l,enrolled,瑟n藞ro蕣ld,regular
enthrall,瑟n藞胃r蓴藧l,enthralled,瑟n藞胃r蓴藧ld,regular
even,藞i藧v蓹n,evenned,藞i藧v蓹nd,regular
except,瑟k藞s蓻pt,excepted,瑟k藞s蓻pt瑟d,regular
excuse,瑟k藞skju藧z,excused,瑟k藞skju藧zd,regular
expose,瑟k藞spo蕣z,exposed,瑟k藞spo蕣zd,regular
favor,藞fe瑟v蓹r,favored,藞fe瑟v蓹rd,regular
fib,f瑟b,fibbed,f瑟bd,regular
finagle,f瑟藞ne瑟伞蓹l,finagled,f瑟藞ne瑟伞蓹ld,regular
fit,f瑟t,fit,f瑟t,irregular
flavor,藞fle瑟v蓹r,flavored,藞fle瑟v蓹rd,regular
flitter,藞fl瑟t蓹r,flittered,藞fl瑟t蓹rd,regular
fob,f蓲b,fobbed,f蓲bd,regular
forbid,f蓹r藞b瑟d,forbade,f蓹r藞be瑟d,irregular
format,藞f蓴藧rm忙t,formated,藞f蓴藧rm忙t瑟d,regular
frank,fr忙艐k,franked,fr忙艐kt,regular
gab,伞忙b,gabbed,伞忙bd,regular
galumph,伞蓹藞l蕦mf,galumphed,伞蓹藞l蕦mft,regular
geyser,藞伞a瑟z蓹r,geysered,藞伞a瑟z蓹rd,regular
glub,伞l蕦b,glubbed,伞l蕦bd,regular
glug,伞l蕦伞,glugged,伞l蕦伞d,regular
goad,伞o蕣d,goaded,伞o蕣d瑟d,regular
google,藞伞u藧伞蓹l,googled,藞伞u藧伞蓹ld,regular
goose,伞u藧s,goosed,伞u藧st,regular
graduate,藞伞r忙d蕭ue瑟t,graduated,藞伞r忙d蕭ue瑟t瑟d,regular
gravitate,藞伞r忙v瑟te瑟t,gravitated,藞伞r忙v瑟te瑟t瑟d,regular
gritter,藞伞r瑟t蓹r,grittered,藞伞r瑟t蓹rd,regular
grout,伞ra蕣t,grouted,伞ra蕣t瑟d,regular
gun,伞蕦n,gunned,伞蕦nd,regular
gurn,伞蓽藧rn,gurned,伞蓽藧rnd,regular
gyp,d蕭瑟p,gypped,d蕭瑟pt,regular
ham,h忙m,hammed,h忙md,regular
harbor,藞h蓱藧rb蓹r,harbored,藞h蓱藧rb蓹rd,regular
hash,h忙蕛,hashed,h忙蕛t,regular
have,h忙v,had,h忙d,irregular
hearken,藞h蓱藧rk蓹n,hearkened,藞h蓱藧rk蓹nd,regular
heft,h蓻ft,hefted,h蓻ft瑟d,regular
hem,h蓻m,hemmed,h蓻md,regular
hit,h瑟t,hit,h瑟t,irregular
hock,h蓲k,hocked,h蓲kt,regular
hoke,ho蕣k,hoked,ho蕣kt,regular
hollow,藞h蓲lo蕣,hollowed,藞h蓲lo蕣d,regular
honor,藞蓲n蓹r,honored,藞蓲n蓹rd,regular
hoove,hu藧v,hooved,hu藧vd,regular
hoover,藞hu藧v蓹r,hoovered,藞hu藧v蓹rd,regular
house,ha蕣z,housed,ha蕣zd,regular
hunker,藞h蕦艐k蓹r,hunkered,藞h蕦艐k蓹rd,regular
hurt,h蓽藧rt,hurt,h蓽藧rt,irregular
image,藞瑟m瑟d蕭,imaged,藞瑟m瑟d蕭d,regular
implement,藞瑟mpl瑟m蓻nt,implemented,藞瑟mpl瑟m蓻nt瑟d,regular
include,瑟n藞klu藧d,included,瑟n藞klu藧d瑟d,regular
incorporate,瑟n藞k蓴藧rp蓹re瑟t,incorporated,瑟n藞k蓴藧rp蓹re瑟t瑟d,regular
initiate,瑟藞n瑟蕛ie瑟t,initiated,瑟藞n瑟蕛ie瑟t瑟d,regular
jack,d蕭忙k,jacked,d蕭忙kt,regular
jive,d蕭a瑟v,jived,d蕭a瑟vd,regular
juice,d蕭u藧s,juiced,d蕭u藧st,regular
junk,d蕭蕦艐k,junked,d蕭蕦艐kt,regular
jut,d蕭蕦t,jutted,d蕭蕦t瑟d,regular
keel,ki藧l,keeled,ki藧ld,regular
knacker,藞n忙k蓹r,knackered,藞n忙k蓹rd,regular
kneel,ni藧l,knelt,n蓻lt,irregular
knuckle,藞n蕦k蓹l,knuckled,藞n蕦k蓹ld,regular
lam,l忙m,lammed,l忙md,regular
lasso,藞l忙so蕣,lassoed,藞l忙so蕣d,regular
lead,li藧d,led,l蓻d,irregular
learn,l蓽藧rn,learned,l蓽藧rnd,irregular
let,l蓻t,let,l蓻t,irregular
live,l瑟v,lived,l瑟vd,regular
liven,藞la瑟v蓹n,livened,藞la瑟v蓹nd,regular
loaf,lo蕣f,loafed,lo蕣ft,regular
magick,藞m忙d蕭瑟k,magicked,藞m忙d蕭瑟kt,regular
make,me瑟k,made,me瑟d,irregular
maneuver,m蓹藞nu藧v蓹r,maneuvered,m蓹藞nu藧v蓹rd,regular
max,m忙ks,maxed,m忙kst,regular
meow,mi藞a蕣,meowed,mi藞a蕣d,regular
message,藞m蓻s瑟d蕭,messaged,藞m蓻s瑟d蕭d,regular
microwave,藞ma瑟kro蕣we瑟v,microwaved,藞ma瑟kro蕣we瑟vd,regular
moisturize,藞m蓴瑟st蕛蓹ra瑟z,moisturized,藞m蓴瑟st蕛蓹ra瑟zd,regular
mold,mo蕣ld,molded,mo蕣ld瑟d,regular
molt,mo蕣lt,molted,mo蕣lt瑟d,regular
moon,mu藧n,mooned,mu藧nd,regular
mouth,ma蕣冒,mouthed,ma蕣冒d,regular
mush,m蕦蕛,mushed,m蕦蕛t,regular
neaten,藞ni藧t蓹n,neatened,藞ni藧t蓹nd,regular
neigh,ne瑟,neighed,ne瑟d,regular
nix,n瑟ks,nixed,n瑟kst,regular
noise,n蓴瑟z,noised,n蓴瑟zd,regular
noodle,藞nu藧d蓹l,noodled,藞nu藧d蓹ld,regular
nosedive,藞no蕣zda瑟v,nosedived,藞no蕣zda瑟vd,regular
nosh,n蓲蕛,noshed,n蓲蕛t,regular
object,蓹b藞d蕭蓻kt,objected,蓹b藞d蕭蓻kt瑟d,regular
opt,蓲pt,opted,蓲pt瑟d,regular
ornament,藞蓴藧rn蓹m蓻nt,ornamented,藞蓴藧rn蓹m蓻nt瑟d,regular
outfit,藞a蕣tf瑟t,outfited,藞a蕣tf瑟t瑟d,regular
pace,pe瑟s,paced,pe瑟st,regular
page,pe瑟d蕭,paged,pe瑟d蕭d,regular
pan,p忙n,panned,p忙nd,regular
parcel,藞p蓱藧rs蓹l,parceled,藞p蓱藧rs蓹ld,regular
pare,p蓻蓹r,pared,p蓻蓹rd,regular
parrot,藞p忙r蓹t,parroted,藞p忙r蓹t瑟d,regular
party,藞p蓱藧rti,partied,藞p蓱藧rtid,regular
pavilion,p蓹藞v瑟lj蓹n,pavilioned,p蓹藞v瑟lj蓹nd,regular
perm,p蓽藧rm,permed,p蓽藧rmd,regular
peter,藞pi藧t蓹r,petered,藞pi藧t蓹rd,regular
piddle,藞p瑟d蓹l,piddled,藞p瑟d蓹ld,regular
pilfer,藞p瑟lf蓹r,pilfered,藞p瑟lf蓹rd,regular
plow,pla蕣,plowed,pla蕣d,regular
plunk,pl蕦艐k,plunkked,pl蕦艐kt,regular
pong,p蓲艐,ponged,p蓲艐d,regular
poof,pu藧f,poofed,pu藧ft,regular
poop,pu藧p,pooped,pu藧pt,regular
pop,p蓲p,popped,p蓲pt,regular
pore,p蓴藧r,pored,p蓴藧rd,regular
postmark,藞po蕣stm蓱藧rk,postmarked,藞po蕣stm蓱藧rkt,regular
practice,藞pr忙kt瑟s,practiced,藞pr忙kt瑟st,regular
present,pr瑟藞z蓻nt,presented,pr瑟藞z蓻nt瑟d,regular
produce,pr蓹藞dju藧s,produced,pr蓹藞dju藧st,regular
program,藞pro蕣伞r忙m,programed,藞pro蕣伞r忙md,regular
protest,pr蓹藞t蓻st,protested,pr蓹藞t蓻st瑟d,regular
pummel,藞p蕦m蓹l,pummeled,藞p蕦m蓹ld,regular
puree,pj蕣藞re瑟,pureed,pj蕣藞re瑟d,regular
put,p蕣t,put,p蕣t,irregular
quack,kw忙k,quacked,kw忙kt,regular
rag,r忙伞,ragged,r忙伞d,regular
read,ri藧d,read,r蓻d,irregular
recall,r瑟藞k蓴藧l,recalled,r瑟藞k蓴藧ld,regular
record,r瑟藞k蓴藧rd,recorded,r瑟藞k蓴藧rd瑟d,regular
refer,r瑟藞f蓽藧r,refered,r瑟藞f蓽藧rd,regular
refuse,r瑟藞fju藧z,refused,r瑟藞fju藧zd,regular
reject,r瑟藞d蕭蓻kt,rejected,r瑟藞d蕭蓻kt瑟d,regular
rely,r瑟藞la瑟,relied,r瑟藞la瑟d,regular
resume,r瑟藞zju藧m,resumed,r瑟藞zju藧md,regular
reverse,r瑟藞v蓽藧rs,reversed,r瑟藞v蓽藧rst,regular
rid,r瑟d,rid,r瑟d,irregular
rise,ra瑟z,rose,ro蕣z,irregular
roast,ro蕣st,roasted,ro蕣st瑟d,regular
rolly,藞ro蕣li,rollied,藞ro蕣lid,regular
row,ro蕣,rowed,ro蕣d,regular
sanitize,藞s忙n瑟ta瑟z,sanitized,藞s忙n瑟ta瑟zd,regular
sauce,s蓴藧s,sauced,s蓴藧st,regular
say,se瑟,said,s蓻d,irregular
scam,sk忙m,scammed,sk忙md,regular
scarf,sk蓱藧rf,scarfed,sk蓱藧rft,regular
schlep,蕛l蓻p,schlepped,蕛l蓻pt,regular
scissor,藞s瑟z蓹r,scissored,藞s瑟z蓹rd,regular
scooch,sku藧t蕛,scooched,sku藧t蕛t,regular
scootch,sku藧t蕛,scootched,sku藧t蕛t,regular
scram,skr忙m,scramed,skr忙md,regular
separate,藞s蓻p蓹re瑟t,separated,藞s蓻p蓹re瑟t瑟d,regular
set,s蓻t,set,s蓻t,irregular
shampoo,蕛忙m藞pu藧,shampooed,蕛忙m藞pu藧d,regular
shed,蕛蓻d,shed,蕛蓻d,irregular
shimmy,藞蕛瑟mi,shimmied,藞蕛瑟mid,regular
shrink,蕛r瑟艐k,shrank,蕛r忙艐k,irregular
shut,蕛蕦t,shut,蕛蕦t,irregular
shute,蕛u藧t,shuted,蕛u藧t瑟d,regular
sire,sa瑟蓹r,sired,sa瑟蓹rd,regular
skateboard,藞ske瑟tb蓴藧rd,skateboarded,藞ske瑟tb蓴藧rd瑟d,regular
skedaddle,sk瑟藞d忙d蓹l,skedaddled,sk瑟藞d忙d蓹ld,regular
skunk,sk蕦艐k,skunkked,sk蕦艐kt,regular
slay,sle瑟,slew,slu藧,irregular
sled,sl蓻d,sledded,sl蓻d瑟d,regular
sledge,sl蓻d蕭,sledged,sl蓻d蕭d,regular
slime,sla瑟m,slimed,sla瑟md,regular
slink,sl瑟艐k,slunk,sl蕦艐k,irregular
slit,sl瑟t,slitted,sl瑟t瑟d,regular
smarten,藞sm蓱藧rt蓹n,smartened,藞sm蓱藧rt蓹nd,regular
smell,sm蓻l,smelled,sm蓻ld,irregular
smooch,smu藧t蕛,smooched,smu藧t蕛t,regular
smoosh,smu藧蕛,smooshed,smu藧蕛t,regular
smush,sm蕦蕛,smushed,sm蕦蕛t,regular
snack,sn忙k,snacked,sn忙kt,regular
sniffle,藞sn瑟f蓹l,sniffled,藞sn瑟f蓹ld,regular
snug,sn蕦伞,snugged,sn蕦伞d,regular
somersault,藞s蕦m蓹rs蓴藧lt,somersaulted,藞s蕦m蓹rs蓴藧lt瑟d,regular
sow,so蕣,sowed,so蕣d,regular
spam,sp忙m,spammed,sp忙md,regular
spaz,sp忙z,spazzed,sp忙zd,regular
speckle,藞sp蓻k蓹l,speckled,藞sp蓻k蓹ld,regular
spell,sp蓻l,spelled,sp蓻ld,irregular
spill,sp瑟l,spilled,sp瑟ld,irregular
splat,spl忙t,splated,spl忙t瑟d,regular
split,spl瑟t,split,spl瑟t,irregular
splosh,spl蓲蕛,sploshed,spl蓲蕛t,regular
splotch,spl蓲t蕛,splotched,spl蓲t蕛t,regular
spoil,sp蓴瑟l,spoiled,sp蓴瑟ld,irregular
spread,spr蓻d,spread,spr蓻d,irregular
spring,spr瑟艐,sprang,spr忙艐,irregular
squiggle,藞skw瑟伞蓹l,squiggled,藞skw瑟伞蓹ld,regular
squish,skw瑟蕛,squished,skw瑟蕛t,regular
stink,st瑟艐k,stank,st忙艐k,irregular
strike,stra瑟k,struck,str蕦k,irregular
submerge,s蓹b藞m蓽藧rd蕭,submerged,s蓹b藞m蓽藧rd蕭d,regular
sum,s蕦m,summed,s蕦md,regular
supplement,藞s蕦pl瑟m蓻nt,supplemented,藞s蕦pl瑟m蓻nt瑟d,regular
suspect,s蓹藞sp蓻kt,suspected,s蓹藞sp蓻kt瑟d,regular
swoosh,swu藧蕛,swooshed,swu藧蕛t,regular
tan,t忙n,tanned,t忙nd,regular
task,t蓱藧sk,tasked,t蓱藧skt,regular
tattle,藞t忙t蓹l,tattled,藞t忙t蓹ld,regular
team,ti藧m,teamed,ti藧md,regular
tear,t蓻蓹r,tore,t蓴藧r,irregular
till,t瑟l,tilled,t瑟ld,regular
title,藞ta瑟t蓹l,titled,藞ta瑟t蓹ld,regular
toe,to蕣,toed,to蕣d,regular
tootle,藞tu藧t蓹l,tootled,藞tu藧t蓹ld,regular
torment,t蓴藧r藞m蓻nt,tormented,t蓴藧r藞m蓻nt瑟d,regular
towel,藞ta蕣蓹l,toweled,藞ta蕣蓹ld,regular
toy,t蓴瑟,toyed,t蓴瑟d,regular
trash,tr忙蕛,trashed,tr忙蕛t,regular
tromp,tr蓲mp,tromped,tr蓲mpt,regular
trump,tr蕦mp,trumped,tr蕦mpt,regular
tut,t蕦t,tutted,t蕦t瑟d,regular
tweet,twi藧t,tweeted,twi藧t瑟d,regular
twizzle,藞tw瑟z蓹l,twizzled,藞tw瑟z蓹ld,regular
upset,蕦p藞s蓻t,upset,蕦p藞s蓻t,irregular
use,ju藧z,used,ju藧zd,regular
video,藞v瑟dio蕣,videoed,藞v瑟dio蕣d,regular
wad,w蓲d,wadded,w蓲d瑟d,regular
waffle,藞w蓲f蓹l,waffled,藞w蓲f蓹ld,regular
wang,w忙艐,wanged,w忙艐d,regular
weave,wi藧v,wove,wo蕣v,irregular
wee,wi藧,weed,wi藧d,regular
weep,wi藧p,wept,w蓻pt,irregular
whap,w忙p,whapped,w忙pt,regular
whinge,w瑟nd蕭,whinged,w瑟nd蕭d,regular
whir,w蓽藧r,whirred,w蓽藧rd,regular
whoosh,wu藧蕛,whooshed,wu藧蕛t,regular
whup,w蕦p,whupped,w蕦pt,regular
wibble,藞w瑟b蓹l,wibbled,藞w瑟b蓹ld,regular
wimp,w瑟mp,wimped,w瑟mpt,regular
wind,wa瑟nd,wound,wa蕣nd,irregular
woof,w蕣f,woofed,w蕣ft,regular
wop,w蓲p,wopped,w蓲pt,regular
wound,wu藧nd,wounded,wu藧nd瑟d,irregular
yack,j忙k,yacked,j忙kt,regular
yip,j瑟p,yipped,j瑟pt,regular
yuck,j蕦k,yucked,j蕦kt,regular
zero,藞z瑟蓹ro蕣,zeroed,藞z瑟蓹ro蕣d,regular
zipper,藞z瑟p蓹r,zippered,藞z瑟p蓹rd,regular
